,name,summary,date,platform,score,url,userscore,genre
0,The Legend of Zelda: Breath of the Wild," Forget everything you know about The Legend of Zelda games. Step into a world of discovery, exploration and adventure in The Legend of Zelda: Breath of the Wild, a boundary-breaking new game in the acclaimed series. Travel across fields, through forests and to mountain peaks as you discover what has become of the ruined kingdom of Hyrule in this open-air adventure. Explore the wilds of Hyrule any way you like - Climb up towers and mountain peaks in search of new destinations, then set your own path to get there and plunge into the wilderness. Along the way, you'll battle towering enemies, hunt wild beasts and gather ingredients for the food and elixirs you'll need to sustain you on your journey. More than 100 Shrines of Trials to discover and explore - Shrines dot the landscape, waiting to be discovered in any order you want. Search for them in various ways, and solve a variety of puzzles inside. Work your way through the traps and devices inside to earn special items and other rewards that will help you on your adventure.* Be prepared and properly equipped - With an entire world waiting to be explored, you'll need a variety of outfits and gear to reach every corner. You may need to bundle up with warmer clothes or change into something better suited to the desert heat. Some clothing even has special effects that, for example, can make you faster and stealthier.* Battling enemies requires strategy - The world is inhabited with enemies of all shapes and sizes. Each one has its own attack method and weaponry, so you must think quickly and develop the right strategies to defeat them.* amiibo compatibility - Tap the Wolf Link amiibo (sold separately) to make Wolf Link appear in game. Wolf Link will attack enemies on his own and help you find items you're searching for. ",2017-03-03,Switch,97,/game/switch/the-legend-of-zelda-breath-of-the-wild,8.7,"Action Adventure,Open-World"
1,Super Mario Odyssey," New Evolution of Mario Sandbox-Style Gameplay. Mario embarks on a new journey through unknown worlds, running and jumping through huge 3D worlds in the first sandbox-style Mario game since Super Mario 64 and Super Mario Sunshine. Set sail between expansive worlds aboard an airship, and perform all-new actions, such as throwing Mario's cap. ",2017-10-27,Switch,97,/game/switch/super-mario-odyssey,8.9,"Action,Platformer,3D"
2,The House in Fata Morgana - Dreams of the Revenants Edition -," A gothic suspense tale set in a cursed mansion. ‘The House in Fata Morgana’ is a full-length visual novel spanning nearly a millennium that deals in tragedy, human nature, and insanity. This version includes three games and more: 1: The House in Fata Morgana: the main storyline. 2: A Requiem for Innocence: a prequel shedding light on the origins of Fata Morgana’s terrible curse. 3: Reincarnation: a sequel featuring the central cast members reincarnated in the present day. *The part including voices 4: Other additional short stories. ",2021-04-09,Switch,96,/game/switch/the-house-in-fata-morgana---dreams-of-the-revenants-edition--,8.6,"Adventure,Visual Novel"
3,Portal Companion Collection," Including Portal and Portal 2, the Companion Collection comes to Nintendo Switch™ with all the groundbreaking gameplay, dark humor, and exploration that earned the series hundreds of awards. In Portal, you’ll use a highly experimental portal device to solve physical puzzles and challenges. Maneuver objects--and yourself--through space to puzzle your way through the mysterious Aperture Science Laboratories.Return to Aperture Laboratories in Portal 2 where you’ll once again face off with the lethally inventive, power-mad A.I. named GLaDOS. Meet an expanded cast of characters as you think your way through dangerous, never-before-seen areas of the laboratories and a wider variety of portal puzzles. Plus Portal 2 also includes a co-operative game mode with local, split-screen and online multiplayer so you and a friend can think with portals. ",2022-06-28,Switch,96,/game/switch/portal-companion-collection,8.1,"Miscellaneous,Compilation"
4,Tetris Effect: Connected," Tetris Effect: Connected is the original Tetris Effect with all-new co-op and competitive online and local multiplayer modes. This is Tetris like you've never seen it, or heard it, or felt it beforean incredibly addictive, unique and breathtakingly gorgeous reinvention of one of the most popular puzzle games of all time. ",2021-10-08,Switch,94,/game/switch/tetris-effect-connected,8.1,"Puzzle,Stacking"
5,Persona 5 Royal," Forced to transfer to a high school in Tokyo, the protagonist has a strange dream. ""You truly are a prisoner of fate. In the near future, ruin awaits you."" With the goal of ""rehabilitation"" looming overhead, he must save others from distorted desires by donning the mask of a Phantom Thief. Prepare for an all-new RPG experience in Persona 5 Royal based in the universe of the award-winning series, Persona! Don the mask of Joker and join the Phantom Thieves of Hearts. Break free from the chains of modern society and stage grand heists to infiltrate the minds of the corrupt and make them change their ways! Persona 5 Royal is packed with new characters, confidants, story depth, new locations to explore, and a new grappling hook mechanic for stealthy access to new areas. With a new semester at Shujin Academy, get ready to strengthen your abilities in the metaverse and in your daily life. Persona 5 Royal presents a unique visual style and award nominated composer Shoji Meguro returns with an all-new soundtrack. Explore Tokyo, unlock new Personas, customize your own personal Thieves Den, discover a never-before-seen story arc, cutscenes, alternate endings, and more! Even for the most seasoned Phantom Thieves among us, Persona 5 Royal is a new challenge to defy conventions, discover the power within, and fight for justice. Wear the mask. Reveal your truth. ",2022-10-21,Switch,94,/game/switch/persona-5-royal,8.3,"Role-Playing,Japanese-Style"
6,Hades," Defy the god of the dead as you hack and slash out of the Underworld in this rogue-like dungeon crawler from the creators of Bastion, Transistor, and Pyre. Hades is a god-like rogue-like dungeon crawler that combines the best aspects of Supergiant's critically acclaimed titles, including the fast-paced action of Bastion, the rich atmosphere and depth of Transistor, and the character-driven storytelling of Pyre.BATTLE OUT OF HELLAs the immortal Prince of the Underworld, you'll wield the powers and mythic weapons of Olympus to break free from the clutches of the god of the dead himself, while growing stronger and unraveling more of the story with each unique escape attempt.UNLEASH THE FURY OF OLYMPUSThe Olympians have your back! Meet Zeus, Athena, Poseidon, and many more, and choose from their dozens of powerful Boons that enhance your abilities. There are thousands of viable character builds to discover as you go.BEFRIEND GODS, GHOSTS, AND MONSTERSA fully-voiced cast of colorful, larger-than-life characters is waiting to meet you! Grow your relationships with them, and experience thousands of unique story events as you learn about what's really at stake for this big, dysfunctional family.BUILT FOR REPLAYABILITYNew surprises await each time you delve into the ever-shifting Underworld, whose guardian bosses will remember you. Use the powerful Mirror of Night to grow permanently stronger, and give yourself a leg up the next time you run away from home.NOTHING IS IMPOSSIBLEPermanent upgrades mean you don't have to be a god yourself to experience the exciting combat and gripping story. Though, if you happen to be one, crank up the challenge and get ready for some white-knuckle action that will put your well-practiced skills to the test.SIGNATURE SUPERGIANT STYLEThe rich, atmospheric presentation and unique melding of gameplay and narrative that's been core to Supergiant's games is here in full force: spectacular hand-painted environments and a blood-pumping original score bring the Underworld to life. ",2020-09-17,Switch,93,/game/switch/hades,9.0,"Action Adventure,General,Linear"
7,Divinity: Original Sin II - Definitive Edition," Set a thousand years after the first game, Divinity: Original Sin II presents a darker, more grounded narrative and expands on the tactical combat system of its award-winning predecessor. In Divinity: Original Sin, you were on a quest for the forbidden Source magic. Now, you yourself are a Sourcerer: a dangerously powerful individual whose abilities summon creatures from the encroaching Void. The Divine is dead and the Void is everywhere. Sourcerers are blamed and the Divine Order is leading the charge against the threat: you. Captured and sent to Fort Joy, you will be ""cured"" of your powers -- no matter the cost. But the Order has secrets of its own that may cast doubt on its so-called holy mission. As you escape from Fort Joy, you realize that if the world remains godless, it will be consumed by the Void. ",2019-09-04,Switch,93,/game/switch/divinity-original-sin-ii---definitive-edition,8.4,"Role-Playing,Western-Style"
8,Ori and the Will of the Wisps," From the creators of Ori and the Blind Forest comes the highly-anticipated sequel, Ori and the Will of the Wisps. Embark on an all-new adventure in a vast and exotic world where you’ll encounter towering enemies and challenging puzzles on your quest to discover Ori’s true destiny. Immerse yourself in a hand-crafted narrative experience with deeply emotional storytelling, strikingly beautiful environments, and a stunning soundtrack. Master new skills to guide Ori through a journey of untold danger using newly acquired spirit weapons, spells, and attacks. Utilize an all-new shard system to power-up Ori’s newfound abilities. Face larger-than-life bosses and seek help from an expansive cast of new characters who will help you uncover Ori’s mysterious fate. Race to the top of the leaderboards in the all-new Spirit Trials mode where players dash, burrow, grapple, and leap to high scores in unique speed-run challenges throughout the game. ",2020-09-17,Switch,93,/game/switch/ori-and-the-will-of-the-wisps,8.7,"Action,Platformer,2D,,Metroidvania"
9,Undertale," Welcome to UNDERTALE. In this RPG, you control a human who falls underground into the world of monsters. Now you must find your way out... or stay trapped forever.((Healthy Dog's Warning: Game contains imagery that may be harmful to players with photosensitive epilepsy or similar condition.))features:* Killing is unnecessary: negotiate out of danger using the unique battle system.* Time your attacks for extra damage, then dodge enemy attacks in a style reminiscent of top-down shooters.* Original art and soundtrack brimming with personality.* Soulful, character-rich story with an emphasis on humor.* Created mostly by one person.* Become friends with all of the bosses!* At least 5 dogs.* You can date a skeleton.* Hmmm... now there are 6 dogs...?* Maybe you won't want to date the skeleton.* I thought I found a 7th dog, but it was actually just the 3rd dog.* If you play this game, can you count the dogs for me...? I'm not good at it. ",2018-09-18,Switch,93,/game/switch/undertale,8.2,"Role-Playing,Japanese-Style"
10,Super Smash Bros. Ultimate," Inklings from the Splatoon series, as well as returning Smash characters like Mario and Link will be making appearances in this classic Nintendo franchise's Switch debut. Faster combat, new items, new attacks, new defensive options, and more will keep the battle raging whether you’re at home or on the go. ",2018-12-07,Switch,93,/game/switch/super-smash-bros-ultimate,8.6,"Action,Fighting,2D"
11,Celeste," Help Madeline survive her journey to the top of Celeste Mountain in this super-tight, hand-crafted platformer from the creators of TowerFall. ",2018-01-25,Switch,92,/game/switch/celeste,8.6,"Action,Platformer,2D"
12,A Monster's Expedition," From some of the best puzzle designers in the world comes A Monster's Expedition, an adorable and relaxing open world puzzle adventure for monsters who love to learn about humans.By pushing trees over to create pathways, you'll explore hundreds of islands near and far to learn about the history of ""humanity"".Immerse yourself in human culture with all-new exhibits from the ""Human Englandland"" dig site, each accompanied with expert insights! ",2021-08-05,Switch,92,/game/switch/a-monsters-expedition,7.9,"Puzzle,Action"
13,Spelunky 2," Spelunky 2 builds upon the unique, randomized challenges that made the original a roguelike classic, offering a huge adventure designed to satisfy players old and new. Meet the next generation of explorers as they find themselves on the Moon, searching for treasure and missing family. ",2021-08-26,Switch,92,/game/switch/spelunky-2,7.2,"Action,Platformer,2D"
14,Dead Cells: The Queen & The Sea," The Queen & The Sea DLC takes place within two brand new Biomes: The Infested Shipwreck and The Lighthouse. Parallel to the High Peak Castle and Throne Room levels, the new Biomes introduce players to a rotten shipwreck where you will be hunted by eldritch horrors (of course) through the bowels of this spooky and haunted old vessel. The second Biome, The Lighthouse, introduces vertical exploration of a soaring tower in which players will scramble upward as fast as they can to outrun rising flames while simultaneously fending off highly skilled warriors who want nothing more than to end your run. This final Biome is as epic and refreshing as it is challenging. ",2022-01-06,Switch,92,/game/switch/dead-cells-the-queen-the-sea,7.8,"Action,Platformer,2D"
15,OneShot: World Machine Edition," Experience an adventure game with puzzles that go beyond its own window and establish a unique bond with the main character.In OneShot: World Machine Edition, you discover a strange computer operating system with a self-contained world installed. Explore this world to unravel its mysteries and help guide a child on their mission to restore the long-dead sun.You hear that saving the world may no longer be possible... But it's worth a shot, you think. Now with collectible content and features exclusive to the World Machine Edition! ",2022-09-22,Switch,92,/game/switch/oneshot-world-machine-edition,8.0,"Adventure,Puzzle,Action,General"
16,Bayonetta 2," In this climatic sequel to the critically acclaimed Bayonetta action game, players will be on the edge of their seats from start to finish. Brimming with epic, gorgeous cut scenes and battles that are more exhilarating than ever, this game never lets up on the action. Fight on top of a jet as it soars through a downtown city. Duke it out against a giant angel, who bears a whip for an arm, on top of a speeding train. And take to the skies in a fight against a demonic monster while ascending to the top of a skyscraper. ",2018-02-16,Switch,92,/game/switch/bayonetta-2,8.5,"Action Adventure,Linear"
17,Mario Kart 8 Deluxe," Race and battle your friends in the definitive version of Mario Kart 8. Hit the road with the definitive version of Mario Kart 8 and play anytime, anywhere! Race your friends or battle them in a revised battle mode on new and returning battle courses. Play locally in up to 4-player multiplayer in 1080p while playing in TV Mode. Every track from the Wii U version, including DLC, makes a glorious return. Plus, the Inklings appear as all-new guest characters, along with returning favorites, such as King Boo, Dry Bones, and Bowser Jr. Race your friends in the definitive version of Mario Kart 8, only on Nintendo Switch. Race as every character on every track from the Wii U version, including DLC characters and tracks. Pop some balloons in the revamped Battle mode, complete with Balloon Battle and Bob-omb Blast. Battle on new courses, like Urchin Underpass and Battle Stadium, or returning ones, such as GCN Luigi's Mansion and SNES Battle Course 1. Inkling Girl & Inkling Boy from Splatoon, King Boo, Dry Bones, and Bowser Jr. join the roster. Players can choose a new Smart Steering feature which makes driving and staying on the track easy for novice players and kids even at 200cc. Three new vehicles have been added, two are even inspired by Splatoon. Carry two items at the same time. Returning items include Boo, the item stealing ghost, and the Feather, which gives you a high jump in battle mode. Play your friends in local wireless multiplayer with up to 8 players. Drive through in 1080p HD quality in TV mode. Play on the go with handheld mode and play anytime, anywhere. ",2017-04-28,Switch,92,/game/switch/mario-kart-8-deluxe,8.6,"racing, competitive, sports"
18,INSIDE," Hunted and alone, a boy finds himself drawn into the center of a dark project. ",2018-06-28,Switch,91,/game/switch/inside,8.5,"Action,Platformer,2D"
19,Retro City Rampage DX," Rampage The Open-World! Run Missions, Steal Cars, Evade The LawRampage the open-world, steal cars and run missions - all while jumping on civilians for coins and outrunning the law with power-ups!This send-up to '80s and '90s video games and pop-culture includes both a full Story Mode of open-world adventure as well as an Arcade Mode for quick pick-up-and-play action. If that's not enough, it also packs an interactive city full of shops, minigames, customizations, collectibles, special guest stars, and more.FEATURES-Huge Open-World to Explore-Over 60 Story Missions-Over 40 Arcade Challenges-Over 25 Weapons & Power-Ups-Over 50 Vehicles to Steal & Equip-Over 200 Character Customizations-Includes Prototype Version, ""ROM City Rampage""Includes Guest Star Minigames:-Virtual Meat Boy-BIT.TRIP: Retro City-Epic Meal TimeIncludes Free-Roaming Mode. Play as Meat Boy, CommanderVideo, Steve from Minecraft and more! ",2017-08-03,Switch,91,/game/switch/retro-city-rampage-dx,7.9,"Action Adventure,Open-World"
20,Dragon Quest XI S: Echoes of an Elusive Age - Definitive Edition," Dragon Quest XI: Echoes of an Elusive Age tells a captivating tale of a hunted hero and is the long-awaited role-playing game from series creator Yuji Horii, character designer Akira Toriyama and composer Koichi Sugiyama. While it is the eleventh mainline entry in the critically acclaimed series, Dragon Quest XI is a completely standalone experience that features entirely new characters, a beautifully detailed world, finely tuned turn-based combat, and an immersive story that will appeal to long-time fans and franchise newcomers alike. A young man, about to participate in his village's coming of age ceremony, travels to a Sacred Stone alongside his childhood friend. After a series of unexpected events, this intrepid adventurer learns he is the reincarnation of a legendary hero from a forgotten age. The young hero sets forth into an unknown world on a journey to unravel the mystery of his past... but the welcome he receives is far from warm. Upon revealing his identity to the King, the hero is branded as ""The Dark spawn"" and hunted by a relentless army. Fleeing from his pursuers, the hero assembles a band of endearing adventurers who believe he is actually The Luminary reborn. The hero and his newfound companions embark on a quest that will take them across continents and over vast oceans as they learn of an ominous threat facing the world. ",2019-09-27,Switch,91,/game/switch/dragon-quest-xi-s-echoes-of-an-elusive-age---definitive-edition,8.6,"Role-Playing,Japanese-Style"
21,Sonic Mania Plus," Sonic Mania Plus is the definitive retail enhanced version of the original Sonic Mania's digital release, presented in a pristine collectible physical release. The encore pack is a $5 upgrade fee for owners of the original game. ",2018-07-17,Switch,91,/game/switch/sonic-mania-plus,8.1,"Action,Platformer,2D"
22,Unavowed," Join the ranks of the Unavowed, and fight against the oncoming darkness.A demon possessed you one year ago. Since that day, you unwillingly tore a trail of bloodshed through New York City. Waking up on a stormy rooftop, you meet your saviors: the Unavowed, an ancient society dedicated to stopping evil. Life as you knew it is over, but by joining them you have a chance to reverse some of the damage you’ve done—and, if you choose wisely, to redeem yourself.Shape your hero: Name the playable character, choose their gender, and pick from three origin stories to customize the protagonist.Choose your party: Select two out of four companions to join you on missions across the boroughs of New York City. Each member of the Unavowed has a unique personality and skillset, providing different solutions to the obstacles you’ll encounter.Follow your conscience: Difficult choices await. In Unavowed’s subtly branching storyline, your decisions could come back to help you… or haunt you.Play how you want: Controls refined for Nintendo Switch™ allow you to play comfortably with either the Joy-Con™ controllers or the touch screen. ",2021-07-07,Switch,91,/game/switch/unavowed,8.1,"General,Adventure,Point-and-Click"
23,SteamWorld Heist: Ultimate Edition," Join Captain Piper Faraday, smuggler and occasional pirate, as she recruits a rag-tag team of steam-driven robots and sets out on a daring adventure. With your hearty crew you’ll board, loot and shoot your way through enemy spaceships. Overcome the challenges of the vast frontier by upgrading your robots with unique abilities, weapons – and even stylish hats! ",2017-12-28,Switch,91,/game/switch/steamworld-heist-ultimate-edition,8.2,"Strategy,Turn-Based,General"
24,Shovel Knight: Treasure Trove," Shovel Knight: Treasure Trove is the full and complete edition of Shovel Knight, a sweeping classic action adventure game series with awesome gameplay, memorable characters, and an 8-bit retro aesthetic! Become Shovel Knight, wielder of the Shovel Blade, as he runs, jumps, and battles in a quest for his lost beloved. Take down the nefarious knights of the Order of No Quarter and their menacing leader, The Enchantress.But that's not everything! Shovel Knight: Treasure Trove also features three additional campaigns that are games all unto themselves! Take control of Plague Knight, Specter Knight, and King Knight on adventures of their own! Together, they form a grand and sweeping saga!With a fully cooperative campaign, a full-featured challenge mode, a 4 player battle mode, and body swap mode, you'll be digging for a long time. With Shovel Knight: Treasure Trove, you get it all. Uphold the virtues of Shovelry, earn relics and riches, and discover the true meaning of shovel justice! ",2017-03-03,Switch,91,/game/switch/shovel-knight-treasure-trove,8.2,"Action,Platformer,2D"
25,Animal Crossing: New Horizons," If the hustle and bustle of modern life’s got you down, Tom Nook has a new business venture up his sleeve that he knows you’ll adore: the Nook Inc. Deserted Island Getaway Package. Sure, you’ve crossed paths with colorful characters near and far. Had a grand time as one of the city folk. May’ve even turned over a new leaf and dedicated yourself to public service. But deep down, isn’t there a part of you that longs for…freedom? Then perhaps a long walk on the beach of a deserted island, where a rich wealth of untouched nature awaits, is just what the doctor ordered. Peaceful creativity and charm await as you roll up your sleeves and make your new life whatever you want it to be. Collect resources and craft everything from creature comforts to handy tools. Embrace your green thumb as you interact with flowers and trees in new ways. Set up a homestead where the rules of what goes indoors and out no longer apply. Make friends with new arrivals, enjoy the seasons, pole-vault across rivers as you explore, and more. ",2020-03-20,Switch,90,/game/switch/animal-crossing-new-horizons,5.6,"Simulation,Virtual,Virtual Life"
26,Ori and the Blind Forest: Definitive Edition," Ori and the Blind Forest: Definitive Edition delivers a multitude of new areas, difficulty options, and gameplay upgrades that should appeal to both new and seasoned Ori players. ",2019-09-27,Switch,90,/game/switch/ori-and-the-blind-forest-definitive-edition,8.5,"Action,Platformer,2D,,Metroidvania"
27,Bastion," Bastion is an original action role-playing game featuring a reactive narrator who marks your every move, lush hand-painted 2D artwork, and tight responsive gameplay that rewards playing with finesse. The game is designed to be simple to pick up and start playing, while offering a lot of rich choices around character customization as well as a deep story and gameworld you can lose yourself in. ",2018-09-13,Switch,90,/game/switch/bastion,7.6,"Role-Playing,Action RPG"
28,Florence," At 25, Florence Yeoh feels a little stuck. Her life is an endless routine of work, sleep, and spending too much time on social media. Then one day, she meets a cello player named Krish who changes everything about how she sees the world.Experience every beat of Florence and Krish’s relationship through a series of bespoke gameplay vignettes – from flirting to fighting, from helping each other grow to growing apart. Drawing inspiration from ‘slice of life’ graphic novels and webcomics, Florence is intimate, raw and personal. ",2020-02-13,Switch,90,/game/switch/florence,6.0,"Adventure,General,Visual Novel"
29,The Forgotten City," The Forgotten City is a mystery adventure game of exploration and deduction. Travel 2,000 years into the past and relive the final days of a cursed Roman city, where if one person sins, everyone dies. Combat is an option, but violence will only get you so far. Only by questioning an intertwined community of colourful characters, cleverly exploiting the time loop, and making difficult moral choices can you hope to solve this epic mystery. Here, your decisions matter. The fate of the city is in your hands. ",2021-09-23,Switch,90,/game/switch/the-forgotten-city,8.5,"Action Adventure,General"
30,Hollow Knight," Hollow Knight is a 2D action-adventure game with an emphasis on traditional 2D animation and skillful gameplay. Journey to Hallownest, a vast and ancient underground kingdom inhabited by a bizarre collection of insects and monsters. Players will forge their own path as they explore ruined cities, forests of fungus, temples of bone and other fantastic lands, all on their way to uncovering an ancient mystery. ",2018-06-12,Switch,90,/game/switch/hollow-knight,9.0,"Action,Action Adventure,General,Platformer,,Metroidvania"
31,Bayonetta + Bayonetta 2," The Witch is Back. The witching hour strikes again. Brimming with intricate battles that take place in, on and all over epic set pieces, Bayonetta 2 finds our sassy heroine battling angels and demons in unearthly beautiful HD. You're bound to love how it feels to string together combos with unimaginable weapons and to summon demons using Bayonetta's Wicked Weave in this frantic stylized action game. Bayonetta 2 is a Wii U exclusive. Bayonetta comes packed in with the purchase of every retail packaged version of Bayonetta 2.Features:-Initiate the new Umbran Climax technique to temporarily summon demons and boost Bayonetta's attack power and range whenever you fill her magic gauge.-Fight with new over-the-top weapons that open new possibilities to the way you battle, including the Kafka, a bow that shoots poisonous arrows; the Rakshasa, a pair of beautiful katana blades; and a giant rifle-inspired scythe known as the Chernobog.-Team up with a friend in Tag Climax, a two-player online co-op mode. Enjoy a little friendly competition by trying to deal the most damage as you work together to take down angels and demons.-In online quick matches, you can wager halos, the in-game currency that you earn by defeating enemies. You receive a large sum back if you can prove you're a better fighter than your partner. Halos can then be traded in a story mode shop to unlock new techniques, buy accessories and pick up alternate weapon variations.-Every chapter ends with a medal ranking: Stone, Bronze, Silver, Gold, Platinum or Pure Platinum. The more skilled you are, the higher your ranking.-This game is approachable for players of all levels, with settings of three difficulty levels. Through Touch Play, you can play with the GamePad stylus and touch screen, regardless of which difficulty you choose. ",2018-02-16,Switch,90,/game/switch/bayonetta-+-bayonetta-2,8.7,"Miscellaneous,Compilation"
32,Chicory: A Colorful Tale," Something terrible happened. Chicory, superstar artist and wielder of the Brush, is missing, and all the color in the land vanished with her. It's up to you, Chicory's number one fan, to pick up the Brush and fill in for her. It's a big job but you're ready for it! Probably!Chicory: A Colorful Tale is a top-down adventure game in a coloring book world where you can draw on anything. Use your painting powers to explore new places, solve puzzles, help your friends, and change the world! ",2021-12-15,Switch,90,/game/switch/chicory-a-colorful-tale,7.3,"Adventure,General"
33,Xenoblade Chronicles: Definitive Edition," Join the fight between man and machine in the definitive edition of this critically-acclaimed RPG. Discover the origins of Shulk as he and his companions clash against a seemingly-unstoppable mechanical menace. Wield a future-seeing blade, chain together attacks, and carefully position your party members in strategic, real-time combat as you journey across a massive world. During an attack from the mechanical invaders known as the Mechon, Shulk discovers that he can tap into the full power of a mysterious blade known as the Monado. With the mighty Monado in hand, Shulk sets out to defeat the Mechon once and for all. In addition to the Mechon, you’ll run into wildlife that ranges from docile to deadly. Keep an eye on what attracts monsters’ attention to avoid unwanted conflict…or try your hand at bringing down an ultra-powerful Unique Monster. Upgrade your party as you progress through the adventure by selecting equipment, enhancing weapon skills, and using benefit-granting gems. Put your dependable companions to work by filling the party gauge to trigger a Chain Attack and attack enemies in quick succession. ",2020-05-29,Switch,89,/game/switch/xenoblade-chronicles-definitive-edition,8.8,"Role-Playing,Action RPG"
34,Dead Cells," Dead Cells is a rogue-lite, metroidvania action-platformer. You'll explore a sprawling, everchanging castle... assuming you're able to fight your way past its keepers in 2D souls-lite combat. No checkpoints. Kill, die, learn, repeat. RogueVania: The progressive exploration of an interconnected world, with the replayability of a rogue-lite and the adrenaline pumping threat of permadeath. 2D Souls-lite Action: Tough but fair combat, more than fifty weapons and spells with unique gameplay, and of course, the emergency panic roll to get you out of trouble. Nonlinear progression: Sewers, Ossuary or Remparts? Once unlocked, special permanent abilities allow you to access new paths to reach your objective. Opt for the path that suits your current build, your play style or just your mood. Exploration: Secret rooms, hidden passages, charming landscapes. Take a moment to stroll the towers and breath in that fresh sea mist infused air... ",2018-08-07,Switch,89,/game/switch/dead-cells,8.3,"Action,Platformer,2D"
35,Into the Breach," Control powerful mechs from the future to defeat an alien threat. Each attempt to save the world presents a new randomly generated challenge in this turn-based strategy game. ",2018-08-28,Switch,89,/game/switch/into-the-breach,7.9,"Strategy,Turn-Based,Tactics"
36,Super Mario 3D World + Bowser's Fury," The cat's out of the bag, Super Mario 3D World is on to the Nintendo Switch system. Pounce and climb through dozens of colorful stages! Mario (and his friends) can use power-ups like the Super Bell, which grants catlike abilities, like climbing and scratching. Work together locally or online with up to three other players to reach the goaland to see who can get a high score. The Super Mario 3D World + Bowser's Fury game features the same great co-op gameplay, creative levels and power-ups as the original game, but also so much more. ",2021-02-12,Switch,89,/game/switch/super-mario-3d-world-+-bowsers-fury,8.7,"Action,Platformer,3D"
37,Fire Emblem: Three Houses," War is coming to the continent of Fódlan. Here, order is maintained by the Church of Seiros, which hosts the prestigious Officer's Academy within its headquarters. You are invited to teach one of its three mighty houses, each comprised of students brimming with personality and represented by a royal from one of three territories. As their professor, you must lead your students in their academic lives and in turn-based, tactical RPG battles wrought with strategic, new twists to overcome. Which house, and which path, will you choose? ",2019-07-26,Switch,89,/game/switch/fire-emblem-three-houses,8.8,"Strategy,Turn-Based,Tactics"
38,Xenoblade Chronicles 3," ""Fighting to liveand living to fight"" - A brand new RPG adventure awaits in Xenoblade Chronicles 3. Bringing together the futures of Xenoblade Chronicles and Xenoblade Chronicles 2, this title will take players to the world of Aionios, home to two hostile nations. Keves: a nation where mechanical technology was developed. Their armies are composed of units consisting mainly of combat vehicles. They use units of small, mobile weapons operated by soldiers riding them. Agnus: a nation strong in ether, a magical technology. Their forces are built around units that specialise in ether combat, and they fight with small, mobile, autonomous weapons that use ether technology. Six soldiers hailing from these nations, will take part in a grand tale with life as its central theme. Noah: One of the protagonists of Xenoblade Chronicles 3 and a solider of Keves. Noah is also an ""off-seer"" who mourns for soldiers who've lost their lives on the battlefield. Lanz: An ally of Noah's who wields a great sword that doubles as a shield. Eunie: A childhood friend of Noah and Lanz who has a sharp tongue and rough personality. She specialises in healing her allies in battle. Mio: The other protagonist of this story, Mio is a soldier of Agnus and an off-seer like Noah. Taion: A tactician who fights alongside Mio using his smarts and insight. Sena: This soldier is an ally of Mio and Taion. Despite her petite figure, Sena wields immense physical strength! ",2022-07-29,Switch,89,/game/switch/xenoblade-chronicles-3,8.6,"Role-Playing,Action RPG"
39,NieR: Automata - The End of YoRHa Edition," NieR:Automata The End of YoRHa Edition is the Nintendo Switch™ version of NieR:Automata, an award-winning post-apocalyptic action RPG that has achieved deep-rooted popularity around the world. The distant future… Invaders from another world attack without warning, unleashing a new type of threat: weapons known as “machine lifeforms.” In the face of this insurmountable threat, mankind is driven from Earth and takes refuge on the Moon. As 2B, a member of the newly organized android military force YoRHa, players will immerse themselves in a ferocious battle to take back the planet.Experience a captivating story that goes beyond simple entertainment, inspiring a wide array of emotions as it unfolds through genre blending action in a beautifully desolate open world.This product includes the content of the ""3C3C1D119440927"" DLC.*Three types of colosseums are included, and three types of costumes based on characters from the related title, NieR Replicant, can be obtained as rewards.*To enjoy this content you will need to have progressed a certain way into the main story of the game. There are also some scenes during the progression of the main game scenario in which this content cannot be accessed. ",2022-10-06,Switch,89,/game/switch/nier-automata---the-end-of-yorha-edition,7.0,"Role-Playing,Action RPG"
40,Okami HD," In Okami, the player takes the role of the mythical sun goddess Amaterasu, in the form of a wolf. Her task is to restore color (or 'life') to the world by destroying the monsters who have stolen it. Since Amaterasu is a diety, there are naturally people who worship her and people who don't. The more people who worship her (as a result of her restoring color and doing other good deeds for them), the more powerful she becomes. ",2018-08-09,Switch,89,/game/switch/okami-hd,8.3,"Action Adventure,General"
41,Mark of the Ninja: Remastered," In Mark of the Ninja Remastered, learn what it is to truly be a ninja. You must be silent, agile and clever to outwit opponents in a world of gorgeous scenery and flowing animation, with cursed tattoos giving you heightened senses. ",2018-10-09,Switch,89,/game/switch/mark-of-the-ninja-remastered,8.5,"Action,Platformer,2D"
42,Death's Door," Reaping souls of the dead and punching a clock might get monotonous but it's honest work for a Crow. The job gets lively when your assigned soul is stolen and you must track down a desperate thief to a realm untouched by death - where creatures grow far past their expiry and overflow with greed and power.Talon Sharp Combat: Utilize melee weapons, arrows and magic to overcome a fantastic array of beasts and demigods. Mistakes are punished and victory is rewarded. Gain an edge by customizing your character stats and mastering the abilities and upgrades you obtain.A Beautifully Bleak World: Venture beyond the Doors and explore a land full of twisted inhabitants and countless secrets, bringing hope to the weird and wonderful characters you'll meet along the way.A Dark Mystery to Unravel: Track down and defeat colossal tyrants with stories and motivations of their own. Experience a somber yet darkly comedic tale, uncovering the truths behind the flow of souls, the role of the Crows and the origin of the Doors. ",2021-11-23,Switch,89,/game/switch/deaths-door,8.1,"Action Adventure,General"
43,TowerFall," TowerFall Ascension is the definitive version of the hit archery combat game. Inspired by classics from the golden age of couch multiplayer, it's a 4-player local party game centering around hilarious, intense versus matches. The core mechanics are simple and accessible, but hard to master and combat is fierce. Loot treasure chests for game-changing power-ups, master the art of catching arrows out of the air, or descend on your foes and stomp them into submission. TowerFall is best played competitively with friends, cross-legged on the floor within punching distance of each other.New in Ascension is the 1- or 2-player co-op Quest mode. Players work together, fighting off a variety of monsters and enemy archers across the land of TowerFall. It's a new adventure to explore when you don't have more friends handy to square off against. ",2018-09-27,Switch,89,/game/switch/towerfall,8.5,"Action,General,Platformer,2D"
44,A Short Hike," Follow the marked trails or explore the backcountry as you make your way to the summit. Along the way, meet other hikers, discover hidden treasures, and take in the world around you. Explore the island any way you like. Choose your own path to follow and see where it leads you. You never know what you might stumble into! Hike at your own pace - there's no need to rush to the summit! Take your time fishing along the river banks or swimming by the lakeshore. Collect hidden treasures to reach new heights. Try taking a dive off the mountain peaks to soar above the forests. Chat with the other hikers you meet along your route. You might be able to help each other out! Listen to a lush original soundtrack by Mark Sparling that progresses dynamically as you explore the wilderness. ",2020-08-18,Switch,88,/game/switch/a-short-hike,8.5,"Adventure,General"
45,Neon White," Neon White is a lightning fast first-person action game about exterminating demons in Heaven. You are White, an assassin handpicked from Hell to compete with other demon slayers for a chance to live permanently in Heaven. The other assassins seem familiar, though… did you know them in a past life?Features:• You play as Neon White, an assassin plucked from Hell to compete with other demon slayers for a shot at redemption.• Collect “Soul Cards” to attack your foes or discard them to use unique movement abilities.• Compete for the best times by cleverly combining cards to discover massive shortcuts.• Uncover Heaven’s mysteries by getting to know the other assassins… did you know them in a past life? ",2022-06-16,Switch,88,/game/switch/neon-white,7.7,"Action,Shooter,First-Person,Arcade"
46,Dream Daddy: A Dad Dating Simulator," This game includes Dream Daddy: Dadrector’s Cut. It features cut content, new sidequests, the ability to replay minigames that you’ve discovered throughout the game, and a brand new minigame for your enjoyment. You and your daughter have just moved into the sleepy seaside town of Maple Bay only to discover that everyone in your neighborhood is a single, dateable Dad! Will you go out with Teacher Dad? Goth Dad? Bad Dad? Or any of the other cool Dads in this game? With a variety of paths and endings, Dream Daddy: A Dad Dating Simulator hopes to be the year's most anticipated Dad-based game for the second year in a row. ",2019-07-02,Switch,88,/game/switch/dream-daddy-a-dad-dating-simulator,6.9,"Simulation,Virtual,Virtual Life"
47,Streets of Rage 4: Mr. X Nightmare," The fight continues in Wood Oak City. After the events of Streets of Rage 4, our heroes wanted to prepare themselves for future threats. Axel, Blaze and their mates will start a very special deranged training with the help of Dr. Zan, who built an AI program from the remnants of Mister X’s brain that simulates every kind of danger they could be facing.With this new DLC, get ready for:• 3 new playable characters• A new Survival mode with weekly challenges• Character customization: build your own fighting style with new moves• New weapons and enemies! ",2021-07-15,Switch,88,/game/switch/streets-of-rage-4-mr-x-nightmare,8.5,"Action,Beat-'Em-Up,2D"
48,Dicey Dungeons," Become a giant walking dice and battle to the end of an ever-changing dungeon! Can you escape the cruel whims of Lady Luck? In this new fast-paced deckbuilding roguelike from Terry Cavanagh, Chipzel, and Marlowe Dobbe, you'll fight monsters, find better loot, and level up your heroes as you work together to take down the Goddess of Fortune, Lady Luck herself. Balance your carefully planned strategies against the unknown of a dice roll. Play as six different characters, each with their own unique play styles and abilities. Master each class and figure out which one best fits your style in this charming world filled with a growing array of twists and secrets.Can you make it out alive? Maybe, but luck is definitely not on your side. ",2020-12-15,Switch,88,/game/switch/dicey-dungeons,7.9,"Strategy,General"
49,DUSK," DUSK -A retro FPS that looks and feels like the 90s. Inspired by Quake, Heretic, Hexen, Half-Life and Redneck Rampage. ",2021-10-28,Switch,88,/game/switch/dusk,8.2,"Action,Shooter,First-Person,Arcade"
50,Hyper Light Drifter," Echoes of a dark and violent past resonate throughout a savage land, steeped in treasure and blood. Hyper Light Drifter is an action adventure RPG in the vein of the best 16bit classics, with modernized mechanics and designs on a much grander scale.Drifters of this world are the collectors of forgotten knowledge, lost technologies and broken histories. Our Drifter is haunted by an insatiable illness, traveling further into the lands of Buried Time, hoping to discover a way to quiet the vicious disease. ",2018-09-06,Switch,88,/game/switch/hyper-light-drifter,7.8,"Role-Playing,Action RPG"
51,Tunic," TUNIC is an action adventure game about a tiny fox in a big world where you don't belong. Presented by Finji.Developed by Andrew Shouldice, TUNIC is a game shrouded in mystery and intrigue. Crafted to evoke feelings of classic action adventure games, TUNIC stars a heroic little fox as they explore a foreign land that hides danger around every corner. Discover unique items, new combat techniques, and arcane secrets as our hero forges their way through intriguing new world. Explore a land filled with lost legends, ancient powers, and ferocious monsters in TUNIC, an isometric action game about a small fox on a big adventure. Stranded on a mysterious beach, armed with only your own curiosity, you will confront colossal beasts, collect strange and powerful items, and unravel long-lost secrets.* Explore a hostile and intricately-connected world of shady forests, sprawling ruins, and labyrinthine catacombs* Fight mighty bosses deep beneath the earth, high above the clouds, and in places stranger still* Collect the missing manual pages, bursting with hints and original full-colour illustrations* Discover hidden treasures to help you on your way* Unearth secret relics, secret techniques, secret puzzles, and listen, there's a lot of secrets!* Featuring sound design by Power Up Audio (Celeste, Darkest Dungeon, Subnautica: Below Zero)* And an original soundtrack by Lifeformed (Dustforce, Double Fine Adventure)Keep your wits about you and be brave, little fox! ",2022-09-27,Switch,88,/game/switch/tunic,7.7,"Role-Playing,Action Adventure,Action RPG,Open-World"
52,What Remains of Edith Finch," What Remains of Edith Finch is a collection of short stories about a cursed family in Washington State. ",2019-07-04,Switch,88,/game/switch/what-remains-of-edith-finch,7.8,"Adventure,3D,First-Person"
53,13 Sentinels: Aegis Rim," Vanillaware, the storytellers behind Odin Sphere and Dragon's Crown, craft a sci-fi mystery epic spanning thirteen intertwining stories. Uncover the truth and delve into a 2D sidescrolling adventure featuring gorgeous art and environments. Then, battle the kaiju in fast-paced, top-down combat. Customize the Sentinels with an arsenal of mechsuit weaponry, and fight to defend humanity! A departure from the studio's traditional fantasy style, the game takes place in a modern setting punctuated with giant mechs. Although the world may be bleak, Vanillaware's signature artistic shine and gorgeous aesthetics will bring the characters and story of 13 Sentinels to life. CHARACTERS:JURO KURABEA mild-mannered young high school student trying to live a normal life in the 80s. Rarely excited, he is fond of campy old Sci-Fi movies, with their giant robots and space invasions. But it seems like everyone in his life is trying to manipulate him for their own ominous ends...IORI FUYUSAKAShe believes she's an ordinary high school girl, with dreams and crushes and a sweet tooth. However, she finds herself at the center of a massive conspiracy, called on to stop an apocalypse before the world is doomed. What she's not sure about is: can she really answer the call? EI SEKIGAHARA A stoic young man with amnesia, Ei finds himself next to a dead body without any memories of his past. Declared a boy ""from another dimension"", he's constantly pursued by armed gunmen in black suits, and often finds himself in intense life-or-death situations. Through investing the clues and people in 1985, he chases the truth beyond his lost memories... KEITARO MIURA A dutiful young soldier from 1945, fiercely dedicated to defending his country. He'd lay down his life if it meant saving even a single soul. Chosen as part of a secret military program to pilot a new weapon called a ""Sentinel"", Miura soon discovers that his true enemies lie beyond World War II... MEGUMI YAKUSHIJIA shy, composed girl of few words, with a nurturing domestic side. While she's devoted to her beloved, Juro, he himself has lost all memory of their past relationship. Goaded on by a mysterious talking cat, she agrees to a ""contract"" -- willing to go to any length to restore the boy she loves. NATSUNO MINAMI A perky, friendly girl on her high school's track team who loves a good Sci-Fi story. When she discovers a small robot hiding in the school, it seems like a story out of one of her favorite movies. However, she finds herself drawn into a massive, apocalyptic conspiracy in which the dangers of her favorite shows becomes disturbingly real. NENJI OGATAA high school punk with a heart of gold. He prefers to punch first and ask questions later, so when he gets involved in a convoluted conspiracy, most of the geek-talk goes over his head. Still, he's determined to bust through and save the girl -- even if he's resigned to her thinking he's just another thug. RENYA GOUTOA cold, brilliant young man who will use any means necessary to find the truth. Gouto processes information and startling revelations with a calm, ready intelligence that baffles (or outpaces) the adults around him. He's no villain, but he knows what's at stake, and what must be done. RYOKO SHININOME An aloof agent desperate to prove her worth to her unrequited love (and mentor) Tetsuya Ida. A mission gone wrong left Ryoko with traumatic brain damage, and dependent on a medicine of unclear origins. Still, she fights through the mental fog and pain to untangle the conspiracies... SHU AMIGUCHI An easygoing late-80s high school playboy, quick to make friends and quick to flirt. Tries not to take life too seriously, whether it's on his side or not. But when his TV turns on by itself, and an idol starts talking to him through it, begging for his help unraveling a mystery...he rolls with it as best he can. TAKATOSHI HIJIYAMAA confident young Japanese soldier in the 1940s, displaced from his home and dropped into a city both foreign and familiar. Adrift, old-fashioned, and out of place, he struggles to make sense of all the changes in his world...and then, after months of living as a solitary vagrant, he finds the young man responsible for uprooting his life. TOMI KISARAGIA flippant, shy teenager. She often hangs out with her gal pals after school, getting snacks and chatting like any other, but she seems to know more than she lets on. Determined to investigate the mysteries of her fate, she surreptitiously follows whatever lead she can, only to discover even greater peril awaiting her...YUKI TAKAMIYA A surly delinquent who (reluctantly) infiltrates the school as a spy to save her best friend. Despite her disdain for her underhanded allies, she stubbornly seeks the truth when everyone else has something to hide. Tough and caustic, but she's got a protective streak and a sharp mind. ",2022-04-12,Switch,88,/game/switch/13-sentinels-aegis-rim,8.6,"Adventure,General"
54,Fez," Gomez is a 2D man on a voyage of discovery into the mysterious 3rd dimension. Change your perspective and look at the world in a different way. ",2021-04-14,Switch,88,/game/switch/fez,6.8,"Action,Platformer,2D"
55,Nuclear Throne," The idea behind Vlambeer's Nuclear Throne is simple: it's a post-apocalyptic roguelike-like top-down shooter. Not 'the final hope of humanity' post-apocalyptic, but 'humanity is extinct and weird mutants and terrifying monsters now roam the world' post-apocalyptic.All you need to do is take control of one of those mutants and shoot the things trying to kill you. Use simple weaponry like quintuple-barreled bazookas, super plasma cannons or exquisite cursed laser miniguns. Or the game might just hand you a screwdriver. Deal with it.Mutate some new limbs and abilities as you go, and become the ultimate Throne hunter. Find secret vaults with game-changing crowns, discover rare overpowered weaponry, or compete in the worldwide Daily and Weekly challenges. All these things and more you could do if only you were good at this game. Can you reach the Nuclear Throne? ",2019-03-20,Switch,88,/game/switch/nuclear-throne,8.5,"Action,Shooter,Shoot-'Em-Up,Top-Down"
56,FAR: Lone Sails," FAR: Lone Sails is a vehicle adventure game. It’s just you and your machine vs. the big nothing. Traverse a dried-out seabed littered with the remains of a decaying civilization. Keep your unique vessel going, overcome numerous obstacles and withstand the hazardous weather conditions. How far can you make it? What will you find? ",2019-08-18,Switch,88,/game/switch/far-lone-sails,7.9,"Action,Action Adventure,Platformer,Linear,2D"
57,Gone Home," June 7, 1995. 1:15 AM.You arrive home after a year abroad. You expect your family to greet you, but the house is empty. Something's not right. Where is everyone? And what's happened here?Gone home is an interactive exploration simulator. Interrogate every detail of a seemingly normal house to discover the story of the people who live there. Open any drawer and door. Pick up objects and examine them to discover clues. Uncover the events of one family's lives by investigating what they've left behind.Go home again. ",2018-09-06,Switch,88,/game/switch/gone-home,6.3,"Adventure,3D,First-Person"
58,Unsighted," The few androids that remain are running out of Anima, the energy that gives all robots consciousness. It’s up to you, Alma, to save your friends from becoming Unsighted. Explore the vast ruins of Arcadia, using every tool you can find. Time is ticking. They need you. ",2021-09-30,Switch,88,/game/switch/unsighted,7.4,"Role-Playing,Action RPG"
59,Metroid Dread," Join intergalactic bounty hunter Samus Aran in her first new 2D Metroid™ story in 19 years. Samus’ story continues after the events of the Metroid™ Fusion game when she descends upon planet ZDR to investigate a mysterious transmission sent to the Galactic Federation. The remote planet has become overrun by vicious alien lifeforms and chilling mechanical menaces. Samus is more agile and capable than ever, but can she overcome the inhuman threat stalking the depths of ZDR?Face off against unrelenting E.M.M.I. robotsOnce DNA-extracting research machines, the imposing E.M.M.I. are now hunting Samus down. Tensions are high as you evade these E.M.M.I. to avoid a cruel death while finding a way to take them down. Find out what turned these robotic wonders into the scourge of ZDR and escape with your life.Feel Samus’ power grow as you gain maneuvers and abilitiesAcquire new and familiar abilities as you traverse the many environments of this dangerous world. Parkour over obstacles, slide through tight spaces, counter enemies, and battle your way through the planet. Return to areas and use your new abilities to find upgrades, alternate paths, and a way forward. Explore the sprawling map, evade and destroy E.M.M.I. robots, and overcome the dread plaguing ZDR. ",2021-10-08,Switch,88,/game/switch/metroid-dread,8.7,"Action,Action Adventure,Platformer,Open-World,,Metroidvania"
60,Super Mario Maker 2," Mario fans of the world, unite! Now you can play, create, and share the side-scrolling Super Mario courses of your dreams in the Super Mario Maker 2 game, available exclusively on the Nintendo Switch™ system! Dive into the single-player Story Mode and play built-in courses to rebuild Princess Peach’s castle. Make your own courses, alone or together. And with a Nintendo Switch Online membership*, share your courses, access a near-endless supply made by others, enjoy online multiplayer, and more. A new side-scrolling Mario adventure that unleashes the creative potential of Super Mario Maker 2 awaits in Story Mode, which contains over 100 built-in courses. And in Course Maker, a wide range of parts, tools, and more are available so you can construct your own courses. Want coin-shooting cannons? Bowser riding on a giant Goomba? Cat Mario sliding down slopes to take out an army of baddies? Go for it! You call the shots. Pass a Joy-Con controller to a partner to build cooperatively on a single system. ",2019-06-28,Switch,88,/game/switch/super-mario-maker-2,8.5,"Action,Platformer,2D"
61,Monster Hunter Rise," Rise to the challenge and join the hunt. The action-RPG series returns to the Nintendo Switch! Set in the ninja-inspired land of Kamura Village, explore lush ecosystems and battle fearsome monsters to become the ultimate hunter. It's been half a century since the last calamity struck, but a terrifying new monster has reared its head and threatens to plunge the land into chaos once again.Hunt solo or in a party with friends to earn rewards that you can use to craft a huge variety of weapons and armor. Brand new gameplay systems such as the high-flying 'Wire Action' and your canine companion 'Palamute' will add exciting new layers to the already robust combat that Monster Hunter is known for.Whether it's at home, on the go, online or offline - you'll always be ready for your next hunt on the Nintendo Switch! ",2021-03-26,Switch,88,/game/switch/monster-hunter-rise,8.8,"Role-Playing,Action RPG"
62,Downwell," Downwell is a curious game about a young person venturing down a well in search of untold treasures with only his Gunboots for protection. Make your way further and further down into the darkness filled with nasty creatures and mysterious secrets to collect the spectacular red gems scattered about the rocks. Step into precariously placed shops and buy some helpful items or level up between levels to battle well-dwelling monsters and uncover hidden caves filled with riches and relics. No two trips down the well are ever the same. ",2019-01-31,Switch,88,/game/switch/downwell,7.3,"Action,General"
63,Diablo III: Eternal Collection," Generations of gamers have battled the demonic hordes of Diablo, and now it's your turn to take part in the action-RPG legacy. This Eternal Collection features Diablo III, the Reaper of Souls expansion set and the Rise of the Necromancer packall together in one definitive volume. Prepare yourself, mortal hero. The hellgates are opening. ",2018-11-02,Switch,88,/game/switch/diablo-iii-eternal-collection,7.4,"Role-Playing,Action RPG"
64,SteamWorld Dig 2," Grab your pickaxe and dig into the sequel to SteamWorld Dig. A platform mining adventure forged in Metroidvania flames. In search of her lost friend, a lone steambot and her unlikely companion must dig deep, gain riches and explore an underworld riddled with danger. But time is running short... [Nintendo] ",2017-09-21,Switch,88,/game/switch/steamworld-dig-2,8.5,"Action,Action Adventure,General,Platformer,2D,"
65,Ikaruga," A rebel pilot named Shinra must battle an enemy nation using a specially-designed fighter called the Ikaruga, which can switch between two energy polarities (black or white) at the touch of a button. Bullets that are the same color as Shinra's ship can be absorbed, while the opposite color will do damage - this polarity-switching mechanic is the game's core feature and the foundation for its stage and enemy design. It's now up to Shinra makes his final stand, as the Ikaruga might be the rebel federation's last chance to defeat the oppressive Horai regime. ",2018-05-29,Switch,88,/game/switch/ikaruga,7.7,"Action,Shooter,Shoot-'Em-Up,Vertical"
66,Cuphead in the Delicious Last Course," Another helping of classic Cuphead action awaits you in Cuphead - The Delicious Last Course! Brothers Cuphead and Mugman are joined by the clever, adventurous Ms. Chalice for a rollicking adventure on a previously undiscovered Inkwell Isle! With the aid of new weapons, magical charms, and Ms. Chalice’s unique abilities, players will take on a new cast of fearsome, larger than life bosses to assist the jolly Chef Saltbaker in Cuphead’s final challenging quest! ",2022-06-30,Switch,88,/game/switch/cuphead-in-the-delicious-last-course,7.9,"Action,Platformer,2D"
67,Cave Story +," Cave Story takes you into a rare world where a curious race of innocent, rabbit-like creatures called Mimiga run free. You wake up in a dark cave with no memory of who you are, where you came from or why you're in such a place. Uncovering Mimiga Village, you discover that the once-carefree Mimiga are in danger at the hands of a maniacal scientist. Their only hope rests squarely on the shoulders of a quiet, amnesiac boy who can't remember his own name. Take control, learn the origins of this world's power, stop the delusional villain and save the Mimiga. ",2017-06-20,Switch,88,/game/switch/cave-story-+,7.9,"Action,Platformer,2D,"
68,Bayonetta 3," Bayonetta returns in an all-new, over-the-top climax action game. Sporting a wicked new ensemble and somehow familiar pigtails, the titular Umbra Witch must face a mysterious evil using her signature guns and time-slowing Witch Time ability. Is her foe angel, demon, or something else entirely?Tap into Bayonetta's naughtier side with Demon Masquerade, a new ability that channels the demon linked to her weapon allowing for some exciting action options, not to mention some hair-raising combos. She can also summon her demonic darlings like Gomorrah, Malphas, and Phantasmaraneae during battle, unleashing their demonic powers in the heat of combat and in new, larger-than life battles where you directly control the action.Bayonetta fights bravely in the streets of Tokyo against a mysterious enemy bent on plunging humanity into the depths of chaos.Why is she there? And has the enemy already extended their grasp to other worlds? ",2022-10-28,Switch,88,/game/switch/bayonetta-3,7.5,"Action Adventure,Linear"
69,Deemo," Experience Deemo: The Last Recital, a music rhythm game and story of urban fantasy.Deemo is a mystic being that lives in solitude in a castle all by itself. His life changes when a little girl who lost her memories, unknowingly falls from the sky, not knowing who she is and where she came from. Deemo comes to realize that whenever he plays the piano, a tree in front of him grows taller and taller. Confident that the tree can grow tall enough to help the little girl reach the sky from where she came from, the two come together to play the piano together. Can Deemo help the little girl regain her memories and help her get back home? ",2017-09-28,Switch,88,/game/switch/deemo,8.3,"Action,Rhythm,Music"
70,FILMECHANISM," RECORD and RESTORE are the keys! Use your puzzle brain and action brain to complete the the puzzles. ""FILMECHANISM"" is a 2D puzzle action game! Help ""REC"" reach the goal RECORDING and RESTORING different objects on the stage!Challenge over 200 unique puzzles with to guide the mysteriously cute camera humanoid ""REC"" to the goal!Make full use of your puzzle brain to figure out the conditions before and after the action, and your action brain to move according to the situation! Play the stages repeatedly, and feel the exhilaration when you clear them!Enjoy the retro but stylish world of ""FILMECHANISM"" with its beautiful 8-bit style graphics and sounds! ",2021-12-15,Switch,88,/game/switch/filmechanism,8.0,"Puzzle,Action"
71,Stardew Valley," You've inherited your grandfather's old farm plot in Stardew Valley. Armed with hand-me-down tools and a few coins, you set out to begin your new life. Can you learn to live off the land and turn these overgrown fields into a thriving home? It won't be easy. Ever since Joja Corporation came to town, the old ways of life have all but disappeared. The community center, once the town's most vibrant hub of activity, now lies in shambles. But the valley seems full of opportunity. With a little dedication, you might just be the one to restore Stardew Valley to greatness. ",2017-10-05,Switch,87,/game/switch/stardew-valley,8.6,"Role-Playing,General"
72,Quake Remastered," The remastered version of Quake is here. ",2021-08-19,Switch,87,/game/switch/quake-remastered,8.2,"Action,Shooter,First-Person,Arcade"
73,Cuphead," Cuphead is a classic run and gun action game heavily focused on boss battles. Inspired by cartoons of the 1930s, the visuals and audio are painstakingly created with the same techniques of the era, i.e. traditional hand drawn cel animation, watercolor backgrounds, and original jazz recordings.Play as Cuphead or Mugman (in single player or local co-op) as you traverse strange worlds, acquire new weapons, learn powerful super moves, and discover hidden secrets while you try and pay your debt back to the devil! ",2019-04-17,Switch,87,/game/switch/cuphead,8.4,"Action,Platformer,2D"
74,Astral Chain," As part of a police special task force, it’s up to you to fight against mysterious, alien-like creatures who have invaded the world. In the Ark, a multi-cultural city in the near future, disaster strikes when gates to another dimension suddenly appear! Dangerous creatures begin to emerge, attacking the people and polluting the land, and normal police forces are unable to compete with them. To stand up against these threats, a brand new, special police unit known as Neuron is formed. Choose between two playable characters – one male, one female – on your adventure. The character you don’t choose also appears as your younger twin, and a fellow member of Neuron. In order to resist the creatures, humanity developed a special weapon: the Legion. The Legion acts as your partner, and helps with your investigations. However, it’s in battle where the Legion shows its real ability... ",2019-08-30,Switch,87,/game/switch/astral-chain,8.9,"Action Adventure,General"
75,Dragon Ball FighterZ," After the success of the Xenoverse series, its time to introduce a new classic 2D DRAGON BALL fighting game for this generations consoles. DRAGON BALL FighterZ is born from what makes the DRAGON BALL series so loved and famous: endless spectacular fights with its allpowerful fighters. Partnering with Arc System Works, DRAGON BALL FighterZ maximizes high end Anime graphics and brings easy to learn but difficult to master fighting gameplay to audiences worldwide. Key Features:* 3vs3 TAG/SUPPORTAllows players to train and master more than one fighter/style which brings deeper gameplay* HIGH-END ANIME GRAPHICSUsing the power of the Unreal engine and the talented team at Arc System Works, DRAGON BALL FighterZ is a visual tour-de-force * SPECTACULAR FIGHTSExperience aerial combos, destructible stages, famous scenes from the DRAGON BALL anime reproduced in 60FPS and 1080p resolution (Higher resolution will be supported on PS4 Pro and Xbox Scorpio) ",2018-09-28,Switch,87,/game/switch/dragon-ball-fighterz,7.8,"Action,Fighting,2D"
76,Kentucky Route Zero: TV Edition," Kentucky Route Zero is a magical realist adventure game about a secret highway in the caves beneath Kentucky. An antique furniture delivery man trying to make his small shop's last delivery gets lost along the way and meets a haunted TV repairwoman, a young boy and his giant eagle brother, a pair of robot musicians, and dozens of other characters. Together, they explore the nocturnal highways and country roads of Kentucky, the storied Echo River by ferry, and the mysterious Route Zero, the secret highway that runs through Mammoth Cave. ",2020-01-28,Switch,87,/game/switch/kentucky-route-zero-tv-edition,7.3,"Adventure,General"
77,Guacamelee! 2," Brawling has never been more beautiful! The long-awaited sequel to the smash hit action-platformer is here: Guacamelee! 2 brings luchador Juan Aguacate out of retirement for a stunning new Metroidvania-style adventure, where he must face his greatest challenge yet - one that threatens to tear apart the very fabric of the Mexiverse!Explore a huge, hand-crafted world inspired by Mexican culture and folklore, filled with sassy new villains and weirdos (and a few old friends!). Learn a deep repertoire of bone-crunching wrestling moves to fend off the skeletal hordes and overcome skillful platforming challenges... and who said anything about a Chicken Illuminati? Certainly not us!Check out these features:* An epic adventure spanning time and space, featuring drop-in 4-player local co-op for you and your best amigos!* A brand new upgrade system: discover ""trainers"" around the world, defeat their challenges, and develop your skill sets for movement, combat, and more!* A vibrant, colorful adventure that takes you from the Mangrove Swamp to Hell itself, featuring twice as many enemy types as the first game and a roster of eccentric new bosses!* An absolutely fuego electro-Mexican soundtrack, and more gorgeous visuals than ever thanks to a fancy new rendering engine!* Definitely no secret society of chickens that teaches you ancient chicken abilities previously lost to the ages! ",2018-12-10,Switch,87,/game/switch/guacamelee!-2,8.2,"Action,Platformer,2D,"
78,Enter the Gungeon," Enter the Gungeon is a gunfight dungeon crawler following a band of misfits seeking to shoot, loot, dodge roll and table-flip their way to personal absolution by reaching the legendary Gungeon’s ultimate treasure: the gun that can kill the past. ",2017-12-14,Switch,87,/game/switch/enter-the-gungeon,8.0,"Action,General,Shooter,Shoot-'Em-Up,Top-Down"
79,The Legend of Zelda: Link's Awakening," [*Reviews will go up on September 19 at 5am Pacific] 26 years after its original release on Game Boy, The Legend of Zelda: Link's Awakening will be reborn as a new experience on Nintendo Switch. Buffeted by a storm, Link washes ashore on the mysterious Koholint Island. In order to return home, Link must overcome challenging dungeons and battle against fearsome monsters. This new version of the classic adventure includes many unique elements that appeared in the original Game Boy release, such as 2D platformer-style rooms and appearances from characters outside of The Legend of Zelda series. ",2019-09-20,Switch,87,/game/switch/the-legend-of-zelda-links-awakening,8.4,"Action Adventure,Open-World"
80,Super Mega Baseball 3," Run up the score in a relaxed slugfest or push the limits of your reflexes in this refined baseball simulator. Super Mega Baseball 3 features an all-new Franchise mode, major graphical enhancements, and on-field additions including pickoffs and situational player traits. ",2020-05-13,Switch,87,/game/switch/super-mega-baseball-3,8.0,"Sports,Team,Baseball,Arcade"
81,Two Point Campus," Welcome to the University of U. Build your university, your way.It’s time to spin academia on its head! Got a yearning for learning? Or just keen to build an educational masterpiece? Campus is jam-packed with new creative tools to help you build the university of your dreams. For the first time, build in the great outdoors as you develop your own delightfully educational campus environment, housing the top teaching facilities in the land. Whether you prefer building on simple foundations, or placing every tree, you can build the university you want.Lay down pathways with new easy-to-use tools. Plant glorious collections of outdoor flora. Place benches, fountains, sculptures, hedgerows – even picket fences. The only limit is your imagination (and your in-game bank balance). ",2022-08-09,Switch,87,/game/switch/two-point-campus,5.7,"Strategy,Management,Business / Tycoon"
82,The Stanley Parable: Ultra Deluxe," The Stanley Parable: Ultra Deluxe is an expanded re-imagining of 2013's The Stanley Parable. You will play as Stanley, and you will not play as Stanley. You will make a choice, and you will become powerless. You are not here to win. The Stanley Parable is a game that plays you. ",2022-04-27,Switch,87,/game/switch/the-stanley-parable-ultra-deluxe,8.0,"Adventure,3D,First-Person"
83,Trine 2: Complete Story," Trine 2: Complete Story is a beautiful, award-winning sidescrolling game of action, puzzles and platforming. Play as the three Heroes - Amadeus the Wizard, Pontius the Knight, and Zoya the Thief - and join their adventure through dangers untold in a fantastical fairytale world, including physics-based puzzles using fire, water, gravity and magic; wicked goblins and their evil plan; and a magical environment full of wonder.Features:-20 levels chock-full of adventure, hazards, physics-based puzzles, dangerous enemies and curious contraptions-Travel through breathtaking environments, including a mushroom forest, a burning desert and snowy ice mountains-3 Heroes: Amadeus the Wizard, Pontius the Knight and Zoya the Thief, each with their own set of skills - and personalities charming and otherwise-Online and local co-op multiplayer for up to three players-Beautiful graphics with a smooth framerate (Full HD 1080p / 60 fps)-Supports Stereo 3D-Supports DUALSHOCK4 touch pad ",2019-02-18,Switch,87,/game/switch/trine-2-complete-story,7.6,"Action,Platformer,2D"
84,Jack Move," Jack Move is a unique blend of gritty cyberpunk story telling, turn based battles and beautiful modern pixel art. Take on the role of Noa, a vigilante hacker determined to rescue her kidnapped father and take down the overreaching Monomind corporation.They whisper her name on the streets: Solares. A mysterious veteran of the Data Wars, Noa Solares keeps the fight against the Corporations alive as a vigilante hacker-for-hire, empowering the downtrodden and undermining those with power. When she receives an emergency message from her estranged father - the eccentric Dr. Abner Solares, whose wife's death spurred him to become the leading researcher of 'digital reanimation' - Noa is thrust into a world of murder, kidnapping, dark research, and the corporation that would steal it for their own ends: Monomind.What starts as fight to save your father will become a fight for the future of mankind itself... ",2022-09-20,Switch,87,/game/switch/jack-move,8.0,"Role-Playing,Japanese-Style"
85,Tinykin," Milo arrives on Earth to find that he's way too small, everybody's gone and a day hasn't passed since 1991!Catch hundreds of mysterious tinykin and use their unique powers to create ladders, bridges, explosions and a lot more!Find a way home through a sprawling ant-sized metropolis, and unravel Earth's biggest mystery! ",2022-08-30,Switch,87,/game/switch/tinykin,7.8,"Action,Strategy,Real-Time,Platformer,3D,Command"
86,DoDonPachi Resurrection," Who said you could have a ""blissful death""?Experience the explosive shooter action of DoDonPachi Resurrection!- Battle your way through a mecha metropolis, switching between shot and laser to build chain combos and earn huge point bonuses.- Just learning how to play shooters? Novice Mode is perfect introduction, with fewer bullets and simpler game systems.- Two Arrange Modes with massively remixed gameplay included.- What awaits you beyond the fiendish robotic armies? Can you blast your way through sheer BULLET HELL? ",2021-11-25,Switch,87,/game/switch/dodonpachi-resurrection,8.0,"Action,Shooter,Shoot-'Em-Up,Vertical"
87,Teenage Mutant Ninja Turtles: Shredder's Revenge," With Bebop and Rocksteady assaulting Channel 6 and stealing super gnarly devices to support Krang and Shredder's latest twisted plan, Teenage Mutant Ninja Turtles: Shredder's Revenge sees the Turtles battling across a righteous range of timeless TMNT locations. From Manhattan and Coney Island, to city rooftops and dank sewers, help the fearsome foursome trounce Foot Soldiers, Triceraton Warriors, and Rock Troops all the way to Dimension X! Enjoy stunning full-color pixel art graphics and a vintage TMNT vibe that will rock you straight back to the awesome 80s. Every character, vehicle, weapon, item, and background is directly inspired by the 1987 TV show, making you feel like you hopped into the television -- with a dope mix of killer humor and action-packed adventures! ",2022-06-16,Switch,87,/game/switch/teenage-mutant-ninja-turtles-shredders-revenge,8.2,"Action,Beat-'Em-Up,2D"
88,Overcooked! All You Can Eat," Overcooked!, Overcooked! 2 and all additional content are blended together and remastered in this delicious definitive edition! Enjoy hundreds of levels of cooperative cooking chaos across increasingly perilous and obscure kitchens. ",2021-03-23,Switch,87,/game/switch/overcooked!-all-you-can-eat,7.8,"Miscellaneous,Compilation"
89,Severed," Severed follows the saga of a distraught warrior, who is lost in a fantastical world, as she knits together pieces of her story from both the past and the future. As the heroine, players will embark on a journey through a surreal, nonlinear world by using a gesture-based combat mechanic to defeat enemies in this first-person adventure. During their journey, players will unlock new abilities, discover secrets of the land, and grow in power as they master both offensive and defensive techniques. ",2017-08-08,Switch,87,/game/switch/severed,7.9,"Action Adventure,General"
90,Axiom Verge," Life. Afterlife. Real. Virtual. Dream. Nightmare. It's a thin line.This is the action-adventure you've been waiting decades for. After a lab accident, a scientist awakens in a mysterious, alien world. Is this a distant planet? The far future? Or a complex virtual-reality computer simulation?Plumb the recesses of a large, labyrinthine world in order to learn its secrets and uncover your role within it.Discover tons of weapons, items, and abilities, each with their own unique behaviors and usage. You'll need your wits to find them all.Combat bizarre biomechanoid constructs, the deadly fallout of an ancient war, and the demons of your own psyche.And finally, break the game itself by using glitches to corrupt foes and solve puzzles in the environment.Life. Afterlife. Real. Virtual. Dream. Nightmare. It's a thin line.It's Axiom Verge. ",2017-10-05,Switch,87,/game/switch/axiom-verge,8.2,"Action,Action Adventure,General,Platformer,,Metroidvania"
91,OlliOlli World," OlliOlli World is a bold new skateboarding action-platformer that’s bursting with personality. Flip and flow through the vivid and vibrant world of Radlandia, meeting colorful characters as you grind, trick, and air your way to discover the mystical skate gods on your quest for Gnarvana. Traverse a delightful and weird world as you take on missions, challenges, and make new friends along the way. Customize your character’s looks, tricks, and style while you experience explorable levels with multiple paths that provide an array of opportunities for player expression. Challenge the world in Leagues or dare a friend to beat your best tricks on one of millions of sharable levels. Experience the accessibility, depth, and player freedom as you dive into the signature flow state gameplay of OlliOlli World.OlliOlli World marks the third entry in the critically-acclaimed OlliOlli series from Roll7, the BAFTA and multi-award-winning independent studio. Key Features:• Welcome to Radlandia!: Take a trip across a lush skateboarding utopia that is filled to the brim with eccentric characters and vibrant locations that are begging to be explored. Find your grind in Inflatable Alley or blaze down Los Vulgas to discover new paths, fresh side quests, rad rewards, and epic trick opportunities. All perfectly complemented by a hand-picked compilation of IDM and Electronica tracks. • Play at your level: Super tight controls combine with highly refined gameplay to ensure a silky smooth ride. Not a Pro? Don’t worry – OlliOlli World welcomes you with open arms, allowing new players to tear down streets and pull off sick method grabs without fear of faceplanting the curb. Think you’ve got what it takes? Achieve mastery through millions of unique levels in sandbox mode or compete against rivals around the globe in leagues with a hugely deep combo system with over 100 moves to master and combine in your battle for the highest score.• Freedom of expression: Cruise through Radlandia's epic skate-haven and prove your skills to unlock special rewards that let you customize your character’s looks, tricks and style. Want to skate in your flip flops… go for it. Want to wear a bumble bee onesie …ok then… no judgement. In OlliOlli World as long as you’re on board anything goes! ",2022-02-08,Switch,87,/game/switch/olliolli-world,7.2,"Action,Platformer,2D"
92,Grindstone," Smash creeps to get huge combos and earn precious Grindstones in CAPY’s hit puzzle-battler. Cash in your grindstones to craft new gear and overcome devious enemies, obstacles, and boss encounters as you conquer Grindstone Mountain’s 200+ levels, and prove your prowess on the daily mode’s leaderboards.Features:- Brutal Puzzle-Battle Action- 200+ Levels to conquer- Daily Challenges w/Leaderboards- Dozens of Weapons & Gear to Unlock- Award-Winning Soundtrack by Sam Webster ",2020-12-15,Switch,87,/game/switch/grindstone,7.4,"Puzzle,General,Matching"
93,Katamari Damacy REROLL," The stop-at-nothing pushing prince is back and ready to reroll. When the King of All Cosmos accidentally destroys all the stars in the sky, he orders you, his pint-sized princely son, to put the twinkle back in the heavens above. Join the King and Prince of Cosmos on their wacky adventure to restore the stars at home or on the go – now in full HD. ",2018-12-07,Switch,87,/game/switch/katamari-damacy-reroll,8.0,"Action Adventure,General"
94,Owlboy," Owlboy is a vertical platform adventure set in the sky, where the islands of the world have been spread apart after a great calamity. You play as Otus, among the last of the Owls, a renowned race that has produced many of the world's great wonders ",2018-02-13,Switch,87,/game/switch/owlboy,7.3,"Action Adventure,General"
95,Super Mega Baseball 2: Ultimate Edition," Accessible mechanics. Deep skill curve. Visceral pacing. Light-hearted vibe. Serious simulation. The Ultimate Edition on the Nintendo Switch™ includes the complete set of Super Mega Baseball 2 content, fully featured online play, and runs at 60 fps in both docked and handheld modes. Rookie or baseball purist, SMB2 packs a mode for everyone. Compete in ranked matchmaking (1v1), dominate friends in arranged matches (1v1, 2v1, 2v2), take on the AI (solo, local co-op, online co-op), and make it your own with deep team and league customization - all kept fair by Ego, the genre's most flexible difficulty system. ",2019-07-25,Switch,87,/game/switch/super-mega-baseball-2-ultimate-edition,8.2,"Sports,Team,Baseball,Arcade"
96,Little Noah: Scion of Paradise," Create unique teams and combos from 40+ recruitable allies in this casual but compelling game. Port Manacloud – a nation that owes its power and prosperity to its alchemists. Noah, an alchemical prodigy, is journeying across the skies in her airship when she discovers mysterious floating ruins. As she draws closer to investigate, a cat leaps on board. The cat accuses Noah of being a tomb raider and unleashes a storm that sends her vessel crashing down. In need of parts to repair her ship and driven by curiosity, Noah enters the ruins…A Casual Roguelite Action GameExplore dungeons that shift with each playthrough and sweep through foes along the way. Use recruitable allies, “Lilliputs,” and items you’ve collected to defeat the ruin bosses. If you get knocked out during your adventure, never fear—you can use the items you’ve earned to power up Noah and come back stronger than ever. ",2022-06-28,Switch,87,/game/switch/little-noah-scion-of-paradise,6.0,"Action,Platformer,2D"
97,Velocity 2X," Velocity 2X is the highly anticipated sequel to Velocity Ultra that features amazing puzzle-platforming action alongside award-winning top-down shoot em-up gameplay!Engage the Quarp Drive teleport to outsmart the enemy in race-tuned space combat, then dock your ship, jump out and run around on foot to infiltrate enemy bases. Once youve disabled internal defences, jump back into the Quarp Jet and continue your mission!Velocity 2X takes the same approach to great gameplay design that made Velocity Ultra so much fun, and applies it to a puzzle-platforming adventure too, making Velocity 2X twice the twitchy fun! ",2018-09-20,Switch,87,/game/switch/velocity-2x,8.1,"Action,General,Shooter,Shoot-'Em-Up,Top-Down"
98,Streets of Rage 4," Amongst the best beat’em up series ever created, jammin’ ‘90s beats and over the top street beating, the iconic series Streets of Rage comes back with a masterful tribute to and revitalization of the classic action fans adore.The all-time classic Streets of Rage, known as Bare Knuckle (ベア・ナックル Bea Nakkuru) in Japan, is a beat ‘em up series known for this timeless gameplay and electronic dance influenced music. Streets of Rage 4 builds upon the classic trilogy’s gameplay with new mechanics, beautiful hand-drawn visuals and a God tier soundtrack.Team up with iconic and brand-new charactersStreets of Rage 4 got its iconic characters back: Axel, Blaze, and Adam teaming up with new brother and sister in arms Floyd Iraia and Cherry Hunter. With some brand-new moves and kickass tracks to take a listen, our heroes are ready to dish out beatdowns to a fledgling group of ill-advised criminals in full force. ",2020-04-30,Switch,87,/game/switch/streets-of-rage-4,8.4,"Action, RPG, Visual"
99,Firewatch," The year is 1989. You are a man named Henry who has retreated from his messy life to work as a fire lookout in the Wyoming wilderness. Perched high atop a mountain, its your job to look for smoke and keep the wilderness safe. An especially hot, dry summer has everyone on edge. Your supervisor Delilah is available to you at all times over a small, handheld radioyour only contact with the world you've left behind. But when something strange draws you out of your lookout tower and into the forest, youll explore a wild and unknown environment, facing questions and making choices that can build or destroy the only meaningful relationship you have.A Note: Firewatch is a video game about adults having adult conversations about adult things. If you plan on playing with a younger gamer, that might be good to know going in.Includes* A stunningly beautiful wilderness environment that expands as you explore.* A tailor-made story: the choices you make shape the narrative and build relationships.* An edge-of-your-seat mystery.* Secrets and discoveries to be made over every hill. ",2018-12-17,Switch,87,/game/switch/firewatch,7.0,"Adventure,3D,First-Person"
